Strike,IV,log(F/K),d1,delta,T,?0
"29,966216","1,053721","0,608012281348925","1,13785355220088","0,872409180494761","0,662","121,519"
"30,050324","1,052944","0,606795028098507","1,13663993794701","0,872155581418946",,
"30,134667","1,052167","0,605577790283639","1,1354250161335","0,871901358480392",,
"30,219247","1,051389","0,60436054855426","1,13420902637914","0,871646560681404",,
"30,304064","1,050611","0,603143312465327","1,13299171104556","0,871391132889934",,
"30,38912","1,049832","0,601926062909426","1,13177330923376","0,871135124120824",,
"30,474414","1,049053","0,6007088237728","1,13055358077993","0,870878482754492",,
"30,559948","1,048273","0,599491576067867","1,12933276415689","0,870621257809495",,
"30,645721","1,047493","0,598274343560146","1,1281106198105","0,870363397652532",,
"30,731736","1,046712","0,597057093248978","1,12688736898594","0,870104947795939",,
"30,817991","1,04593","0,595839862990296","1,12566305200244","0,869845915703859",,
"30,904489","1,045149","0,594622619979719","1,12443710174131","0,869586180103648",,
"30,99123","1,044366","0,593405373846233","1,12321031314385","0,869325908228523",,
"31,078214","1,043583","0,59218813413827","1,12198216919308","0,869064989324",,
"31,165442","1,0428","0,590970896389033","1,12075266157132","0,868803420325949",,
"31,252916","1,042016","0,589753642311955","1,11952202638194","0,868541250265893",,
"31,340634","1,041232","0,588536409280689","1,11829004311199","0,868278430974815",,
"31,428599","1,040447","0,587319165185646","1,11705693078112","0,868015007983131",,
"31,516811","1,039662","0,586101919641702","1,1158224368612","0,867750926135955",,
"31,60527","1,038876","0,584884682183259","1,11458682874329","0,867486241430518",,
"31,693978","1,03809","0,583667434859207","1,11334982205531","0,867220891739152",,
"31,782934","1,037303","0,582450200938858","1,11211169967277","0,866954936528839",,
"31,872141","1,036515","0,581232948953537","1,11087242000993","0,866688365760645",,
"31,961597","1,035728","0,580015715752943","1,10963150697765","0,86642107569029",,
"32,051305","1,034939","0,578798470051838","1,10838969344346","0,866153222952509",,
"32,141264","1,03415","0,577581234989217","1,1071464874591","0,865884700319787",,
"32,231476","1,033361","0,576363993049558","1,10590186500251","0,865615501255954",,
"32,321942","1,032571","0,575146740376106","1,10465607441283","0,865345678225903",,
"32,412661","1,031781","0,573929499980091","1,10340888287602","0,865075179562788",,
"32,503634","1,03099","0,572712267919449","1,10216053786906","0,864804057704682",,
"32,594863","1,030198","0,571495026998308","1,10091101445877","0,864532306099336",,
"32,686349","1,029406","0,570277773526296","1,09966004914161","0,864259866171697",,
"32,77809","1,028614","0,569060543630034","1,09840768175334","0,863986745228786",,
"32,87009","1,027821","0,567843293784213","1,09715411082783","0,863712985305458",,
"32,962347","1,027028","0,566626060029189","1,09589912150456","0,863438538209323",,
"33,054864","1,026234","0,565408812336439","1,09464292755794","0,863163449418153",,
"33,14764","1,025439","0,56419157344681","1,09338555166101","0,862887722731777",,
"33,240677","1,024644","0,562974326678402","1,0921267170387","0,862611296176154",,
"33,333975","1,023848","0,561757081619485","1,09086668362617","0,862334225541203",,
"33,427534","1,023052","0,560539847778004","1,08960520683155","0,862056455760395",,
"33,521356","1,022256","0,559322608670521","1,08834226346509","0,861777980322257",,
"33,615442","1,021459","0,558105360943754","1,08707809666953","0,861498851532989",,
"33,709792","1,020661","0,556888114192196","1,08581271332259","0,861219069718308",,
"33,804406","1,019863","0,555670877929981","1,08454587043198","0,860938579850491",,
"33,899286","1,019064","0,554453635968698","1,08327779442278","0,860657430752729",,
"33,994432","1,018265","0,553236397878255","1,08200824315583","0,860375567422411",,
"34,089846","1,017465","0,552019147668931","1,08073744239263","0,860093038657356",,
"34,185527","1,016665","0,550801907668624","1,07946516620917","0,859809792903231",,
"34,281476","1,015864","0,549584674645506","1,07819165492955","0,859525882343025",,
"34,377695","1,015063","0,548367432797072","1,07691663735565","0,859241245182066",,
"34,474185","1,014261","0,547150179121727","1,07564035316337","0,858955933575831",,
"34,570944","1,013459","0,545932948365788","1,07436259317569","0,858669899426211",,
"34,667976","1,012656","0,544715699750262","1,07308355043094","0,858383184601051",,
"34,76528","1,011853","0,543498455439223","1,07180300132728","0,858095737617203",,
"34,862857","1,011049","0,542281212461644","1,07052118385169","0,857807610542279",,
"34,960707","1,010244","0,54106398032857","1,06923810468306","0,857518803636506",,
"35,058833","1,009439","0,539846731308382","1,06795348083705","0,857229251833658",,
"35,157234","1,008634","0,53862948741775","1,06666733544327","0,856938958856211",,
"35,255911","1,007828","0,537412245817609","1,06537990486385","0,856647976681783",,
"35,354865","1,007021","0,536195003727093","1,06409118073719","0,856356302154847",,
"35,454096","1,006214","0,534977770672496","1,06280092709802","0,856063880489912",,
"35,553607","1,005406","0,533760519454531","1,06150934918092","0,855770756806279",,
"35,653396","1,004598","0,532543284109712","1,06021624180753","0,855476883143223",,
"35,753466","1,003789","0,531326037586404","1,0589218094523","0,85518230457353",,
"35,853816","1,00298","0,530108801613422","1,05762583278237","0,854886969778833",,
"35,954448","1,00217","0,528891561466432","1,0563285304068","0,854590927172125",,
"36,055363","1,00136","0,527674314657316","1,05502965417887","0,854294118707224",,
"36,156561","1,000549","0,526457070764159","1,05372945155852","0,853996599511299",,
"36,258043","0,999738","0,525239827306895","1,05242767527701","0,853698311582119",,
"36,359809","0,998926","0,524022593804098","1,05112457183314","0,853399309980415",,
"36,461862","0,998113","0,52280534396163","1,04982010367888","0,853099584766888",,
"36,5642","0,9973","0,521588111193854","1,04851406900224","0,852799088134355",,
"36,666826","0,996487","0,520370869346741","1,04720643171097","0,852497810228231",,
"36,76974","0,995672","0,519153628018496","1,04589767334503","0,852195860654587",,
"36,872943","0,994858","0,517936384948813","1,04458707540025","0,851893072191133",,
"36,976436","0,994043","0,516719137929317","1,04327510436757","0,851589551038561",,
"37,080219","0,993227","0,515501896515386","1,04196176673121","0,851285297347943",,
"37,184293","0,99241","0,514284658502742","1,04064705442712","0,850980307901055",,
"37,28866","0,991594","0,513067410091351","1,0393304759689","0,850674467093436",,
"37,393319","0,990776","0,511850172504848","1,03801275717193","0,850367942054421",,
"37,498272","0,989958","0,510632932011238","1,03669340705421","0,850060617206989",,
"37,60352","0,98914","0,509415686607711","1,03537241907994","0,84975248942466",,
"37,709063","0,988321","0,508198445857646","1,03405003371006","0,849443613303519",,
"37,814902","0,987501","0,506981207759493","1,03272624298361","0,849133985602302",,
"37,921039","0,986681","0,505763958907944","1,03140079301175","0,848823545429958",,
"38,027473","0,98586","0,504546720335931","1,03007393708918","0,848512350603349",,
"38,134206","0,985039","0,503329478702328","1,02874542231073","0,848200340298337",,
"38,241238","0,984217","0,502112243554949","1,02741548670484","0,84788756890094",,
"38,348571","0,983395","0,500895001711672","1,02608387844005","0,84757397566229",,
"38,456206","0,982572","0,499677751457525","1,02475082046572","0,847259611548806",,
"38,564142","0,981748","0,498460513646927","1,0234163332164","0,846944479958566",,
"38,672381","0,980924","0,497243275237588","1,02208016639452","0,846628520252831",,
"38,780924","0,980099","0,496026034557962","1,02074254150208","0,846311783262827",,
"38,889772","0,979274","0,494808789981896","1,01940322342623","0,845994211762188",,
"38,998925","0,978448","0,493591551064263","1,01806244673872","0,845675859816711",,
"39,108385","0,977622","0,492374305070012","1,01671996332017","0,845356666951725",,
"39,218152","0,976795","0,491157061580676","1,0153760067599","0,845036687137065",,
"39,328227","0,975968","0,489939819054686","1,01403034394247","0,844715863301472",,
"39,438611","0,97514","0,488722575994264","1,01268319350481","0,844394245994158",,
"39,549304","0,974311","0,487505341926096","1,01133456159812","0,844071835216464",,
"39,660309","0,973482","0,486288093445825","1,00998418894796","0,843748567393631",,
"39,771625","0,972653","0,485070851116172","1,00863209708664","0,843424445972069",,
"39,883253","0,971822","0,483853613518687","1,00727872551998","0,843099574826941",,
"39,995195","0,970992","0,482636368418498","1,00592338426169","0,842773786724116",,
"40,107451","0,97016","0,481419125400688","1,00456674798989","0,842447242224735",,
"40,220022","0,969328","0,480201883172065","1,00320836488322","0,842119831070435",,
"40,332909","0,968496","0,478984640480467","1,00184822885072","0,841791550062931",,
"40,446112","0,967663","0,477767406851976","1,00048656775619","0,841462452577972",,
"40,559634","0,966829","0,476550159610032","0,999123346708684","0,841132528656712",,
"40,673474","0,965995","0,475332919068519","0,997758366139","0,840801728357547",,
"40,787634","0,96516","0,474115673398086","0,996391825146937","0,840470098289125",,
"40,902114","0,964325","0,472898432163954","0,995023511531369","0,840137585305182",,
"41,016915","0,963489","0,471681194262964","0,993653636949634","0,83980423919029",,
"41,132039","0,962652","0,47046394807221","0,992282180346238","0,839470053265194",,
"41,247485","0,961815","0,469246713712382","0,990908944532836","0,839134977816231",,
"41,363256","0,960977","0,468029469107854","0,989534112708816","0,838799055873321",,
"41,479352","0,960139","0,466812223866658","0,988157475280433","0,838462234540029",,
"41,595773","0,9593","0,465594987516385","0,986779254733184","0,83812456657305",,
"41,712522","0,958461","0,464377738269819","0,985399202321742","0,837785989336928",,
"41,829597","0,957621","0,463160506522236","0,984017566172155","0,83744656201342",,
"41,947002","0,95678","0,461943260235426","0,982634298768518","0,837106271337064",,
"42,064736","0,955939","0,460726019377845","0,981249206441731","0,836765067951012",,
"42,182801","0,955098","0,459508772835126","0,979862270068687","0,836422945324017",,
"42,301197","0,954255","0,458291530177165","0,978473920589183","0,836080008144674",,
"42,419925","0,953412","0,457074290655656","0,977083726477672","0,83573614820776",,
"42,538986","0,952569","0,455857053557135","0,975691681916247","0,835391362239909",,
"42,658382","0,951725","0,454639808021882","0,97429797804705","0,835045695842753",,
"42,778113","0,95088","0,453422563642807","0,972902620620386","0,834699148800877",,
"42,898179","0,950035","0,452205329932473","0,971505406328765","0,834351668879867",,
"43,018583","0,949189","0,450988086037017","0,970106511613308","0,834003298204516",,
"43,139325","0,948343","0,449770841563951","0,96870573434162","0,83365398466887",,
"43,260406","0,947496","0,448553596001282","0,96730327607727","0,833303776768393",,
"43,381826","0,946648","0,447336358880405","0,965899142422411","0,832952674238643",,
"43,503587","0,9458","0,446119119686792","0,964493106810643","0,832600618651147",,
"43,62569","0,944952","0,444901878004904","0,963085163581042","0,832247606694324",,
"43,748136","0,944102","0,4436846334506","0,961675717051415","0,831893738051478",,
"43,870925","0,943252","0,44246739557018","0,960264362223584","0,831538909349019",,
"43,994059","0,942402","0,441250154086529","0,958851080530853","0,831183114011617",,
"44,117539","0,941551","0,440032908707961","0,957436069610653","0,830826399978808",,
"44,241365","0,940699","0,438815668989354","0,956019334949245","0,830468766921936",,
"44,365539","0,939847","0,437598424827442","0,954600654272284","0,830110156908473",,
"44,490061","0,938994","0,436381185781666","0,953180236268429","0,829750620860514",,
"44,614933","0,938141","0,435163941862736","0,951757859907365","0,829390100994961",,
"44,740155","0,937287","0,433946702633689","0,950333732667446","0,829028648057151",,
"44,865729","0,936432","0,432729458217635","0,948907834458763","0,828666255202146",,
"44,991655","0,935577","0,431512218180251","0,947479971561284","0,828302871339826",,
"45,117935","0,934721","0,43029497275549","0,946050324228465","0,827938540480942",,
"45,244569","0,933864","0,42907773151073","0,944618897789631","0,827573262217006",,
"45,371558","0,933007","0,427860494361187","0,943185487593843","0,827206982454693",,
"45,498904","0,93215","0,426643251704318","0,941750075508521","0,826839694575692",,
"45,626608","0,931292","0,425426003589991","0,940312852124819","0,826471445452464",,
"45,75467","0,930433","0,424208759586234","0,938873822687567","0,826102234635622",,
"45,883091","0,929573","0,422991519715621","0,937432979831227","0,825732058441536",,
"46,011872","0,928713","0,421774284026936","0,935990121986057","0,825360863181369",,
"46,141015","0,927853","0,420557043182541","0,934545231180315","0,824988642215128",,
"46,270521","0,926991","0,419339797361778","0,933098687900877","0,824615491733735",,
"46,40039","0,92613","0,418122556128594","0,931649918413068","0,824241261808902",,
"46,530624","0,925267","0,416905310299706","0,930199481815148","0,823866094925805",,
"46,661223","0,924404","0,415688069435872","0,928746999161609","0,823489891227085",,
"46,792188","0,923541","0,414470833736334","0,927292464981812","0,823112647254602",,
"46,923522","0,922676","0,413253584913785","0,92583622873953","0,822734451784071",,
"47,055224","0,921811","0,412036341829917","0,92437792758982","0,822355208715231",,
"47,187295","0,920946","0,41081910475526","0,922917556075317","0,821974914568903",,
"47,319737","0,92008","0,409601864805828","0,921455284349703","0,821593611681815",,
"47,452551","0,919213","0,408384622375645","0,919991105096433","0,821211296259666",,
"47,585738","0,918346","0,407167377881114","0,918524824429943","0,82082791568449",,
"47,719298","0,917478","0,405950140861765","0,91705663507826","0,820443518355775",,
"47,853234","0,91661","0,404732893550424","0,915586320051667","0,820058045457461",,
"47,987545","0,915741","0,403515654605729","0,914114082937028","0,819671548353075",,
"48,122233","0,914871","0,402298415430102","0,912639904197885","0,819284020001184",,
"48,2573","0,914001","0,401081167548477","0,911163581115675","0,818895405081759",,
"48,392745","0,91313","0,399863929530447","0,909685315148627","0,818505754595083",,
"48,528571","0,912258","0,398646683967756","0,908205074747312","0,818115058286382",,
"48,664778","0,911386","0,397429440445849","0,906722683383743","0,817723267513871",,
"48,801367","0,910513","0,396212199570633","0,905238316268308","0,817330426536278",,
"48,938339","0,90964","0,394994961967787","0,903751786111307","0,816936483732486",,
"49,075696","0,908766","0,393777719433033","0,90226325479316","0,816541479934873",,
"49,213438","0,907891","0,392560481529866","0,900772726912174","0,81614541438629",,
"49,351567","0,907016","0,391343240141569","0,899280005278478","0,815748232609532",,
"49,490084","0,90614","0,390125996044111","0,897785261734874","0,815349978236045",,
"49,62899","0,905264","0,388908750031593","0,896288312446501","0,814950600187575",,
"49,768285","0,904387","0,387691511642329","0,894789339719504","0,814550145004604",,
"49,907971","0,903509","0,386474272930781","0,893288324245371","0,814148605519627",,
"50,04805","0,902631","0,385257026066656","0,891785072435643","0,813745927822694",,
"50,188521","0,901752","0,384039789293781","0,890279776267042","0,813342161216207",,
"50,329387","0,900872","0,382822546162595","0,888772404682202","0,812937295334897",,
"50,470649","0,899992","0,381605297643658","0,887262778057547","0,812531279786172",,
"50,612306","0,899111","0,380388061885231","0,885751086086294","0,812124163447348",,
"50,754362","0,89823","0,379170814075346","0,88423711529747","0,811715886675525",,
"50,896816","0,897348","0,377953572370075","0,882721053911986","0,81130649806356",,
"51,039669","0,896465","0,376736337731525","0,881202894406349","0,810895993513861",,
"51,182924","0,895582","0,375519094167108","0,879682437334752","0,810484316919964",,
"51,326581","0,894698","0,374301851273786","0,878159856958961","0,810071513275182",,
"51,470641","0,893814","0,373084610130436","0,87663497861932","0,809657533037053",,
"51,615106","0,892929","0,371867363416379","0,875107951822058","0,809242414593193",,
"51,759975","0,892043","0,370650129091103","0,873578792203358","0,808826160084714",,
"51,905252","0,891157","0,369432883104635","0,872047292588691","0,808408710903727",,
"52,050936","0,89027","0,368215643420538","0,870513634965262","0,807990114430464",,
"52,197029","0,889382","0,366998402867595","0,868977800227475","0,807570363315777",,
"52,343533","0,888494","0,365781154381225","0,867439606658864","0,807149405652787",,
"52,490447","0,887605","0,364563915823978","0,865899233825014","0,806727288340668",,
"52,637774","0,886716","0,36334667188295","0,864356490031399","0,806303956600514",,
"52,785514","0,885825","0,362129432125453","0,862811702184748","0,8058794979643",,
"52,933669","0,884935","0,360912189629586","0,861264370079607","0,805453772725977",,
"53,08224","0,884043","0,359694945758936","0,859714967256636","0,8050269088947",,
"53,231227","0,883151","0,358477710047245","0,858163178966525","0,804598817567018",,
"53,380633","0,882259","0,35726046754082","0,856608977142222","0,804169488623475",,
"53,530458","0,881366","0,356043227818753","0,855052524323887","0,803738964663017",,
"53,680704","0,880472","0,354825984199209","0,853493801507642","0,803307238209434",,
"53,831372","0,879577","0,353608738169364","0,851932801014434","0,802874304903407",,
"53,982462","0,878682","0,352391499271681","0,85036937224338","0,802440120658656",,
"54,133977","0,877787","0,351174252900799","0,848803487316753","0,802004675317993",,
"54,285916","0,87689","0,349957016641714","0,847235468455207","0,801568056235382",,
"54,438282","0,875993","0,348739775998589","0,84566497953173","0,801130167559727",,
"54,591076","0,875096","0,347522532574878","0,844092015202672","0,800691005357748",,
"54,744299","0,874197","0,346305287982937","0,842516870366534","0,800250649683116",,
"54,897952","0,873299","0,345088043843855","0,840939086834275","0,799808970073093",,
"55,052035","0,872399","0,343870809676079","0,839359118255873","0,799366091151641",,
"55,206552","0,871499","0,34265356345124","0,837776625613961","0,798921915586059",,
"55,361502","0,870598","0,341436322637284","0,836191772586033","0,798476486918742",,
"55,516887","0,869697","0,340219081065572","0,834604394163943","0,798029756376287",,
"55,672708","0,868795","0,339001840463776","0,833014630116389","0,797581760884284",,
"55,828967","0,867892","0,337784594787896","0,831422461487666","0,797132492762057",,
"55,985664","0,866989","0,336567353602691","0,829827747852123","0,796681909959354",,
"56,142801","0,866085","0,335350110921662","0,828230615412013","0,796230045703012",,
"56,300379","0,865181","0,334132868565657","0,82663091437481","0,795776855171308",,
"56,458399","0,864275","0,332915628361857","0,825028921190238","0,795322414313401",,
"56,616863","0,86337","0,331698384472863","0,823424194019868","0,794866595333378",,
"56,775771","0,862463","0,330481146451763","0,821817158601367","0,794409516696017",,
"56,935126","0,861556","0,32926390088787","0,820207505712036","0,793951088054531",,
"57,094927","0,860649","0,328046664973145","0,818595251627631","0,793491311485139",,
"57,255178","0,85974","0,326829417807864","0,816980631497538","0,793030251632592",,
"57,415878","0,858831","0,325612176572552","0,815363384772719","0,792567831670636",,
"57,577029","0,857922","0,32439493565404","0,813743495062861","0,792104044333355",,
"57,738632","0,857012","0,323177697050106","0,812121090807894","0,791638923881085",,
"57,900689","0,856101","0,321960455262119","0,810496153004434","0,79117246241792",,
"58,063201","0,85519","0,320743212359238","0,808868541227768","0,790704617097732",,
"58,226169","0,854277","0,319525970414255","0,807238512510642","0,790235459336984",,
"58,389594","0,853365","0,318308731503461","0,80560566464159","0,789764870825411",,
"58,553478","0,852451","0,317091490289452","0,803970372488743","0,789292957043125",,
"58,717823","0,851538","0,315874241521087","0,802332228569217","0,788819597825835",,
"58,882628","0,850623","0,314657002159562","0,800691634358441","0,788344906611579",,
"59,047896","0,849708","0,313439759583379","0,799048303862004","0,787868798147216",,
"59,213628","0,848792","0,31222251600729","0,797402357258814","0,787391304656878",,
"59,379824","0,847876","0,311005280961891","0,795753671805657","0,786912387940224",,
"59,546488","0,846958","0,309788034724304","0,794102457912811","0,786432106579731",,
"59,713619","0,846041","0,308570794183484","0,792448356402939","0,785950353483277",,
"59,881219","0,845122","0,307353554308687","0,790791720015658","0,785467228765772",,
"60,04929","0,844203","0,306136310151874","0,789132284542003","0,784982652810953",,
"60,217832","0,843284","0,304919071271135","0,787470054761304","0,784496624304435",,
"60,386848","0,842364","0,303701825568794","0,785805123099369","0,784009167620854",,
"60,556338","0,841443","0,302484582624241","0,784137491418753","0,783520280713576",,
"60,726303","0,840521","0,301267344784925","0,782467150998871","0,783029958434384",,
"60,896746","0,839599","0,300050100135229","0,780793955857909","0,782538155254331",,
"61,067667","0,838677","0,298832858254428","0,779117910618967","0,782044869778496",,
"61,239068","0,837753","0,297615614457944","0,777439227739752","0,781550161912167",,
"61,410949","0,836829","0,29639837828405","0,775757679070328","0,781053961790759",,
"61,583314","0,835905","0,295181130982388","0,774073227538093","0,780556255697153",,
"61,756162","0,83498","0,293963889200852","0,772385999411847","0,780057078218622",,
"61,929495","0,834054","0,292746648389955","0,770695975387727","0,779556420989119",,
"62,103314","0,833127","0,291529411070632","0,769003146489386","0,77905427868304",,
"62,277622","0,8322","0,290312165815155","0,767307374693184","0,77855060761176",,
"62,452419","0,831273","0,289094922212237","0,765608664330849","0,778045406242341",,
"62,627706","0,830344","0,287877682835725","0,763907222077831","0,777538733348602",,
"62,803485","0,829415","0,286660443342088","0,762202814814162","0,777030516807394",,
"62,979758","0,828486","0,285443199462879","0,760495426233425","0,776520748914307",,
"63,156525","0,827556","0,28422596075705","0,758785163756308","0,77600945895748",,
"63,333789","0,826625","0,283008716131698","0,757071997728861","0,775496635338363",,
"63,51155","0,825693","0,281791475158637","0,755355929105","0,774982275597874",,
"63,68981","0,824761","0,280574233691648","0,753636838251533","0,774466341069847",,
"63,86857","0,823829","0,279356994457227","0,751914718978895","0,773948827020421",,
"64,047833","0,822896","0,278139746616452","0,750189642819896","0,773429752113457",,
"64,227598","0,821962","0,276922506525515","0,748461620636904","0,772909116838929",,
"64,407868","0,821027","0,275705263413031","0,746730622713915","0,772386909460101",,
"64,588643","0,820092","0,274488026826511","0,744996554834969","0,771863098703731",,
"64,769927","0,819156","0,273270779412626","0,743259474164478","0,771337698971663",,
"64,951719","0,81822","0,272053537470769","0,741519298643876","0,770810682570048",,
"65,134021","0,817283","0,270836297141896","0,739776103367368","0,770282069369195",,
"65,316835","0,816346","0,269619054636564","0,738029778195374","0,76975182308357",,
"65,500162","0,815407","0,268401812864761","0,736280495375601","0,76921999317027",,
"65,684003","0,814469","0,267184574730653","0,734527977151809","0,768686492284911",,
"65,868361","0,813529","0,265967329945765","0,732772461729825","0,768151390026536",,
"66,053236","0,812589","0,26475008808804","0,731013773923639","0,767614630124733",,
"66,23863","0,811649","0,263532845542124","0,729251897236481","0,767076204566958",,
"66,424544","0,810708","0,262315605297817","0,727486908821847","0,766536133996193",,
"66,61098","0,809766","0,261098363818267","0,72571878876106","0,765994409423428",,
"66,797939","0,808824","0,259881124134378","0,723947445574024","0,765450999867986",,
"66,985423","0,807881","0,258663882786411","0,72217294299835","0,764905921921514",,
"67,173434","0,806937","0,25744663637993","0,720395261042891","0,764359166514932",,
"67,361972","0,805993","0,256229394479581","0,718614321407949","0,763810706586964",,
"67,551039","0,805048","0,255012153711557","0,716830184267691","0,763260557686939",,
"67,740637","0,804103","0,253794910766261","0,715042753892819","0,762708687300949",,
"67,930767","0,803157","0,252577668790942","0,71325209790117","0,762155113302072",,
"68,12143","0,80221","0,251360430924366","0,711458205872203","0,761599829506833",,
"68,312629","0,801263","0,250143187581854","0,70966097575376","0,761042801305333",,
"68,504364","0,800315","0,248925948331475","0,707860481232839","0,760484048506817",,
"68,696638","0,799367","0,247708703695337","0,706056622623796","0,759923537139436",,
"68,889451","0,798418","0,246491463240785","0,704249471092889","0,75936128627211",,
"69,082805","0,797469","0,245274223881798","0,702438939032257","0,758797265602205",,
"69,276703","0,796519","0,244056976324381","0,700625065992274","0,758231484385167",,
"69,471144","0,795568","0,242839736410934","0,698807860553749","0,757663942269764",,
"69,666131","0,794617","0,241622494897773","0,696987229012289","0,757094606921302",,
"69,861665","0,793665","0,240405255103975","0,695163226447469","0,756523492480786",,
"70,057748","0,792713","0,239188014139095","0,69333577125778","0,75595057030839",,
"70,254382","0,79176","0,237970769171616","0,691504906336217","0,755375850748315",,
"70,451567","0,790806","0,236753529757311","0,689670630202923","0,754799330267324",,
"70,649306","0,789852","0,235536286930248","0,687832855322819","0,754220978240771",,
"70,8476","0,788897","0,234319044111227","0,685991630255893","0,753640806825269",,
"71,04645","0,787942","0,233101804709564","0,684146889085787","0,753058792124944",,
"71,245859","0,786986","0,231884559931625","0,682298658621502","0,752474939459334",,
"71,445827","0,78603","0,230667319344679","0,680446884963639","0,75188922865726",,
"71,646356","0,785073","0,229450080312507","0,678591601774392","0,751301667220006",,
"71,847449","0,784115","0,228232834210182","0,676732778565538","0,750712242358759",,
"72,049105","0,783157","0,227015596646945","0,674870374610507","0,750120937994271",,
"72,251328","0,782199","0,225798353029837","0,673004353823084","0,749527739469354",,
"72,454118","0,78124","0,224581112931774","0,671134763387074","0,748932658601411",,
"72,657478","0,78028","0,223363867913575","0,669261572659587","0,748335682476239",,
"72,861408","0,77932","0,222146627538698","0,667384736479178","0,747736793506517",,
"73,065911","0,778359","0,220929383458793","0,665504269550066","0,747135993183177",,
"73,270987","0,777398","0,219712145227119","0,663620129262234","0,746533264686609",,
"73,47664","0,776436","0,21849489867422","0,661732318181243","0,745928605619692",,
"73,682869","0,775473","0,217277659286167","0,659840842914709","0,74532201489883",,
"73,889677","0,77451","0,216060418892275","0,657945636671416","0,744713467880613",,
"74,097066","0,773547","0,214843175300803","0,656046682034764","0,744102955710996",,
"74,305037","0,772583","0,213625932215997","0,65414400394385","0,743490483163666",,
"74,513591","0,771618","0,212408693327435","0,652237589972132","0,74287604301492",,
"74,722731","0,770653","0,211191450685856","0,650327378810929","0,742259612250185",,
"74,932458","0,769687","0,209974208049076","0,648413390981933","0,741641194226089",,
"75,142773","0,768721","0,208756969159664","0,646495586460691","0,741020772746703",,
"75,353679","0,767755","0,207539726218116","0,644573938354782","0,740398335821879",,
"75,565177","0,766788","0,206322483033286","0,642648462712929","0,739773885367185",,
"75,777268","0,76582","0,20510524339823","0,640719146662803","0,739147413941483",,
"75,989955","0,764852","0,203887999659887","0,638785937304411","0,738518901075874",,
"76,203239","0,763883","0,202670755675683","0,636848846108356","0,737888347197696",,
"76,417121","0,762914","0,2014535152867","0,63490784137344","0,737255738688545",,
"76,631603","0,761944","0,200236276650381","0,632962922283126","0,73662107197869",,
"76,846688","0,760974","0,199019032319837","0,631014041699409","0,735984328368894",,
"77,062376","0,760003","0,197801791864989","0,629061214004668","0,735345509236916",,
"77,27867","0,759032","0,196584547915988","0,627104394964953","0,734704596789272",,
"77,49557","0,75806","0,195367310024325","0,625143595756732","0,734061591359249",,
"77,71308","0,757088","0,194150065307632","0,623178766008107","0,733416473093735",,
"77,9312","0,756116","0,192932823345308","0,621209905746249","0,732769238653177",,
"78,149932","0,755142","0,191715582522084","0,619237009562939","0,732119882924797",,
"78,369278","0,754169","0,190498341267299","0,617260035375352","0,731468388711011",,
"78,58924","0,753195","0,189281098054473","0,615278976123678","0,730814750326437",,
"78,809819","0,75222","0,188063856911553","0,613293817780462","0,730158959788758",,
"79,031017","0,751245","0,186846616352891","0,611304537106942","0,729501006062408",,
"79,252836","0,75027","0,185629374936029","0,609311115668853","0,72884087968446",,
"79,475278","0,749294","0,184412131261281","0,607313531886116","0,728178570137009",,
"79,698344","0,748318","0,18319488942055","0,605311776105133","0,727514070847509",,
"79,922036","0,747341","0,181977648052711","0,603305823377477","0,726847370160284",,
"80,146356","0,746364","0,18076040583844","0,601295658181295","0,72617845953737",,
"80,371306","0,745386","0,179543161499816","0,599281252198683","0,725507326169468",,
"80,596886","0,744408","0,178325924576868","0,597262610855759","0,724833968484184",,
"80,8231","0,74343","0,17710868303599","0,595239697543157","0,724158370890757",,
"81,049949","0,742451","0,17589144107967","0,593212487693578","0,723480521788777",,
"81,277435","0,741471","0,174674197546856","0,591180957384424","0,722800409774858",,
"81,505559","0,740491","0,173456956644566","0,589145109463818","0,722118032406444",,
"81,734324","0,739511","0,17223971193247","0,587104916062943","0,721433376952535",,
"81,96373","0,738531","0,171022472964718","0,585060375782883","0,720746439557655",,
"82,193781","0,73755","0,169805228080177","0,583011428700198","0,720057196687177",,
"82,424477","0,736568","0,168587986850645","0,580958068084648","0,719365642657895",,
"82,65582","0,735587","0,167370748259184","0,578900322728825","0,718671783783515",,
"82,887813","0,734604","0,166153506087176","0,576838084610357","0,717975580231216",,
"83,120457","0,733622","0,164936264661911","0,574771423078308","0,717277052004447",,
"83,353754","0,732639","0,163719023078798","0,5727002601395","0,716576169351432",,
"83,587706","0,731656","0,162501780469986","0,570624604704818","0,715872931879594",,
"83,822315","0,730672","0,161284536004003","0,568544401721241","0,715167317525189",,
"84,057582","0,729688","0,160067294052013","0,566459672222487","0,714459330015361",,
"84,293509","0,728704","0,158850053810813","0,564370396516813","0,713748959280805",,
"84,530098","0,727719","0,157632814512724","0,562276513887724","0,713036181272383",,
"84,767352","0,726734","0,156415570301866","0,560178033181537","0,71232099559083",,
"85,005271","0,725748","0,155198330741612","0,558074907202825","0,711603382743717",,
"85,243859","0,724763","0,153981084936231","0,555967186192391","0,710883356494348",,
"85,483116","0,723777","0,152763842460292","0,553854776250365","0,710160881386268",,
"85,723044","0,72279","0,151546602675612","0,551737651664273","0,709435945201674",,
"85,963646","0,721804","0,150329359925578","0,549615882370685","0,708708568518304",,
"86,204923","0,720817","0,149112118719293","0,547489354299859","0,707978708863023",,
"86,446877","0,719829","0,147894878518339","0,545358041441591","0,70724635388472",,
"86,689511","0,718842","0,146677633807134","0,543222024981217","0,706511528117949",,
"86,932825","0,717854","0,145460394145694","0,541081187682759","0,705774187877011",,
"87,176822","0,716866","0,144243154068573","0,538935556487504","0,705034339061807",,
"87,421505","0,715877","0,143025908197928","0,536785038508285","0,704291946254714",,
"87,666873","0,714889","0,141808671058464","0,534629764352661","0,703547051207934",,
"87,912931","0,7139","0,140591427398886","0,532469558146843","0,702799589805062",,
"88,159679","0,712911","0,139374186796014","0,530304479946221","0,702049579456296",,
"88,40712","0,711921","0,138156944009096","0,528134428608589","0,701296981762158",,
"88,655255","0,710931","0,136939703679935","0,525959459440084","0,700541812545725",,
"88,904087","0,709942","0,135722460655168","0,523779618801007","0,699784084639396",,
"89,153617","0,708951","0,134505219608272","0,521594666501686","0,699023711204739",,
"89,403848","0,707961","0,133287975471837","0,51940480050309","0,698260757794671",,
"89,654781","0,70697","0,132070732949896","0,517209850118957","0,697495161653805",,
"89,906418","0,70598","0,130853491890096","0,515009956044648","0,696726968585192",,
"90,158761","0,704989","0,129636252168366","0,512804930689657","0,695956109818953",,
"90,411813","0,703998","0,128419008885091","0,510594826224689","0,695182600284461",,
"90,665575","0,703006","0,12720176680224","0,508379539012364","0,694406400406425",,
"90,920049","0,702015","0,125984525878624","0,506159226239586","0,693627562025396",,
"91,175238","0,701023","0,124767281336816","0,503933674708499","0,692846007124927",,
"91,431142","0,700031","0,123550042729359","0,501702969787284","0,692061762414765",,
"91,687765","0,699039","0,122332800582001","0,499467072878872","0,691274811122",,
"91,945108","0,698047","0,121115559723161","0,497225970349562","0,690485145252466",,
"92,203174","0,697055","0,119898315533643","0,494979631829911","0,689692750922931",,
"92,461964","0,696063","0,118681072866564","0,492728043502834","0,688897620090758",,
"92,72148","0,69507","0,117463831863661","0,49047107514995","0,688099703557204",,
"92,981724","0,694078","0,116246592691661","0,488208918194017","0,687299065860633",,
"93,242699","0,693085","0,115029350884319","0,4859413237208","0,686495615775207",,
"93,504407","0,692093","0,113812106696602","0,483668492018949","0,685689421151798",,
"93,766849","0,6911","0,112594865039038","0,481390181475064","0,684880393191336",,
"94,030027","0,690107","0,111377626175262","0,479106481899909","0,684068560643377",,
"94,293945","0,689114","0,11016038118099","0,476817354080299","0,683253906499352",,
"94,558603","0,688121","0,108943139629812","0,47452279161579","0,682436425430611",,
"94,824004","0,687128","0,107725897275058","0,472222763348877","0,681616103309011",,
"95,09015","0,686135","0,106508654511277","0,46991724625537","0,680792928909241",,
"95,357042","0,685142","0,105291416309697","0,467606225387554","0,67996689390496",,
"95,624684","0,684149","0,104074173987589","0,465289661181992","0,679137981180878",,
"95,893077","0,683156","0,102856932572705","0,462967538511502","0,678306182366075",,
"96,162224","0,682163","0,101639688030815","0,460639825833837","0,677471483225083",,
"96,432125","0,68117","0,100422449910349","0,458306515930396","0,676633878259073",,
"96,702785","0,680177","0,0992052052245189","0,455967560820138","0,675793347351423",,
"96,974204","0,679185","0,097987963550547","0,453623098813501","0,674949937415351",,
"97,246385","0,678192","0,0967707209876376","0,451272809018954","0,674103530167166",,
"97,519329","0,677199","0,0955534826120151","0,448916818911337","0,67325416861042",,
"97,79304","0,676207","0,0943362401469016","0,446555241585473","0,672401890803795",,
"98,067519","0,675214","0,0931189987202122","0,444187757081928","0,67154657849737",,
"98,342769","0,674222","0,091901754597035","0,441814642227564","0,670688328952103",,
"98,618791","0,673229","0,0906845129184154","0,439435566684657","0,669827019974318",,
"98,895588","0,672237","0,0894672700117312","0,437050817290557","0,668962752714352",,
"99,173161","0,671245","0,0882500310303207","0,434660219285788","0,668095461261868",,
"99,451514","0,670253","0,0870327879958469","0,43226373207184","0,667225128247484",,
"99,730648","0,669262","0,0858155461097844","0,42986151035501","0,666351807337482",,
"100,010565","0,66827","0,0845983061997301","0,427453189323986","0,665475363326986",,
"100,291268","0,667279","0,0833810647802812","0,425039081476941","0,664595907392126",,
"100,572759","0,666288","0,0821638227498262","0,422618990543913","0,663713365608308",,
"100,85504","0,665297","0,0809465810234179","0,42019289147885","0,662827726354503",,
"101,138114","0,664307","0,0797293362384714","0,417760935938255","0,6619390426374",,
"101,421982","0,663316","0,0785120936607944","0,415322739805897","0,661047171671026",,
"101,706646","0,662326","0,0772948542539663","0,412878649978616","0,660152237967155",,
"101,99211","0,661336","0,0760776104810902","0,410428440385503","0,659254156498521",,
"102,278374","0,660347","0,0748603719009526","0,4079722971116","0,658352993265001",,
"102,565443","0,659358","0,0736431268206019","0,405509980547648","0,657448658183191",,
"102,853317","0,658369","0,0724258848167251","0,40304148075107","0,656541145359805",,
"103,141999","0,65738","0,071208642753811","0,400566763952412","0,655630440181965",,
"103,431491","0,656392","0,0699914017568202","0,398086011313674","0,654716607269327",,
"103,721795","0,655404","0,0687741629647733","0,39559899531151","0,653799560804406",,
"104,012915","0,654417","0,0675569191797601","0,393105886996569","0,65287936189332",,
"104,304852","0,65343","0,0663396758021135","0,390606460823115","0,651955925363106",,
"104,597608","0,652443","0,0651224340465426","0,38810069040687","0,651029239476222",,
"104,891185","0,651457","0,0639051951407896","0,385588770975036","0,650099374606551",,
"105,185587","0,650471","0,0626879520677467","0,383070444469873","0,64916623344072",,
"105,480815","0,649486","0,0614707102672356","0,380545919720168","0,648229891620781",,
"105,776872","0,648501","0,0602534669335034","0,378014940407877","0,647290252391696",,
"106,073759","0,647517","0,0590362275073377","0,3754777211646","0,646347393803453",,
"106,37148","0,646533","0,0578189851469093","0,372933991738538","0,645401213842464",,
"106,670037","0,64555","0,0566017412562188","0,370383964916756","0,644451790120917",,
"106,969431","0,644567","0,0553845013103246","0,36782738749752","0,643499026888026",,
"107,269666","0,643585","0,0541672586038416","0,365264462746702","0,642542998470178",,
"107,570743","0,642603","0,0529500186447972","0,362694931115996","0,641583606677235",,
"107,872666","0,641622","0,0517327748283582","0,360119001988181","0,640620928370219",,
"108,175436","0,640642","0,0505155326943297","0,357536664927084","0,639654958519574",,
"108,479055","0,639662","0,0492982937438416","0,354947643001212","0,638685592339432",,
"108,783527","0,638683","0,0480810515032266","0,352352154929021","0,637712910581763",,
"109,088854","0,637705","0,0468638075600111","0,349750182452704","0,636736905455158",,
"109,395037","0,636727","0,0456465674807192","0,34714144651032","0,635757471268297",,
"109,70208","0,63575","0,0444293249197255","0,344526175333446","0,634774692757468",,
"110,009984","0,634773","0,0432120854722369","0,341904083173113","0,633788461651857",,
"110,318753","0,633798","0,0419948428874151","0,339275683019411","0,632798970214401",,
"110,628389","0,632823","0,0407775988623196","0,336640403074963","0,631806002562719",,
"110,938893","0,631849","0,0395603590165271","0,333998507451041","0,630809657528019",,
"111,250269","0,630876","0,0383431172221357","0,331349962362417","0,629809921893425",,
"111,562519","0,629903","0,0371258752319741","0,32869445744249","0,628806677954135",,
"111,875646","0,628932","0,0359086309240502","0,326032546727774","0,627800134689224",,
"112,189651","0,627961","0,0346913899689385","0,323363632102795","0,626790065675516",,
"112,504537","0,626991","0,0334741502800091","0,320687979099266","0,625776571080688",,
"112,820308","0,626022","0,0322569059710519","0,318005553878332","0,624759637976378",,
"113,136964","0,625054","0,0310396666029927","0,315316352834066","0,623739264966987",,
"113,45451","0,624087","0,0298224225169999","0,312620334556524","0,622715436391447",,
"113,772946","0,623121","0,0286051832748137","0,309917495359113","0,621688150982025",,
"114,092277","0,622156","0,0273879393254013","0,307207793845213","0,620657393219506",,
"114,412503","0,621191","0,0261707002304104","0,304490902785074","0,619623038771832",,
"114,733629","0,620228","0,0249534565451063","0,30176742408616","0,618585317174745",,
"115,055656","0,619266","0,0237362140555045","0,299037026550761","0,617544102850306",,
"115,378586","0,618305","0,0225189747456279","0,296299691278426","0,616499389151815",,
"115,702423","0,617345","0,0213017330967883","0,293555384385406","0,615451163793761",,
"116,027169","0,616387","0,0200844911646673","0,290804428796633","0,614399551012794",,
"116,352827","0,615429","0,0188672472761277","0,288046118156962","0,613344281615594",,
"116,679398","0,614472","0,0176500072476647","0,285280779063397","0,612285481317154",,
"117,006886","0,613517","0,0164327657222979","0,282508730768266","0,611223273529984",,
"117,335294","0,612563","0,0152155211308024","0,27972960130531","0,610157516989633",,
"117,664623","0,61161","0,0139982793301479","0,276943379132859","0,609088208481251",,
"117,994876","0,610659","0,0127810387772843","0,274150402508901","0,608015479298351",,
"118,326056","0,609708","0,0115637979729575","0,271349919505896","0,606939042051394",,
"118,658166","0,608759","0,0103465554612908","0,268542637009965","0,60585916996251",,
"118,991208","0,607811","0,00912931347917355","0,265728171340202","0,604775717218943",,
"119,325185","0,606865","0,00791207062559544","0,262906876508653","0,603688821986413",,
"119,660099","0,60592","0,00669482917125874","0,26007836104545","0,602598335445879",,
"119,995953","0,604977","0,00547758776889403","0,257242987012713","0,601504399289295",,
"120,33275","0,604034","0,00426034511290075","0,254399955243592","0,600406707231227",,
"120,670492","0,603094","0,00304310353795579","0,251550424176544","0,599305708869579",,
"121,009182","0,602154","0,00182586179036998","0,248693190090428","0,598200941549374",,
"121,348822","0,601217","0,000608622235983971","0,245829435932953","0,597092865221349",,
"121,689416","0,600281","-0,000608619896941485","0,242958335122255","0,595981162890211",,
"122,030966","0,599346","-0,00182586218240054","0,240079868772597","0,594865829864339",,
"122,373475","0,598413","-0,00304310574370152","0,237194427929671","0,59374702057102",,
"122,716944","0,597481","-0,00426034458693119","0,234301592118208","0,592624575004897",,
"123,061378","0,596552","-0,00547758687492328","0,23140217206403","0,591498811055091",,
"123,406779","0,595623","-0,00669483009506177","0,228494884501765","0,590369233737273",,
"123,753149","0,594697","-0,0079120717360477","0,225581000690071","0,589236340381488",,
"124,100491","0,593772","-0,00912931278754087","0,222659643182474","0,588099793541372",,
"124,448808","0,592849","-0,0103465542015439","0,219731228994856","0,586959759115479",,
"124,798103","0,591928","-0,0115637968927778","0,216795745288483","0,585816236060656",,
"125,148378","0,591008","-0,0127810382688174","0,213852734808289","0,584669050173534",,
"125,499636","0,590091","-0,0139982792000738","0,210903084145825","0,583518551271394",,
"125,851881","0,589175","-0,0152155239714618","0,207945865639438","0,582364381877466",,
"126,205113","0,588261","-0,0164327630285749","0,204981540359637","0,581206726271347",,
"126,559338","0,587349","-0,017650007486431","0,202010074555196","0,5800455759034",,
"126,914556","0,586439","-0,0188672477775637","0,199031477773656","0,578880939274204",,
"127,270771","0,585531","-0,0200844880641791","0,196045730965633","0,57771281385017",,
"127,627987","0,584625","-0,0213017324354296","0,193052815280312","0,576541197307375",,
"127,986205","0,583721","-0,022518974728162","0,190052733500566","0,575366095931683",,
"128,345428","0,582819","-0,0237362155889676","0,187045474230399","0,57418751060497",,
"128,705659","0,581919","-0,0249534556306448","0,184031026239239","0,573005442416991",,
"129,066902","0,581021","-0,0261706987974259","0,181009371345033","0,571819889873822",,
"129,429158","0,580125","-0,0273879388963899","0,17798051289552","0,570630860075649",,
"129,792432","0,579231","-0,0286051831614282","0,174944425935294","0,569438349162446",,
"130,156725","0,57834","-0,0298224253721212","0,171901630514888","0,568242567648319",,
"130,52204","0,577451","-0,0310396660055732","0,168851609465889","0,567043318698113",,
"130,888381","0,576564","-0,0322569088250439","0,16579434555552","0,565840601934103",,
"131,25575","0,575679","-0,0334741509075536","0,162729835887498","0,564634422770332",,
"131,62415","0,574797","-0,0346913926355973","0,159658606516871","0,563424995129715",,
"131,993584","0,573917","-0,0359086343607708","0,15658012181208","0,562212115111161",,
"132,364054","0,57304","-0,0371258731230381","0,153494925206082","0,560996004007072",,
"132,735565","0,572164","-0,0383431157844832","0,150401906863781","0,55977623153779",,
"133,108119","0,571292","-0,039560359315694","0,147302717200791","0,558553456070204",,
"133,481718","0,570421","-0,04077760069434","0,14419570216474","0,557327032672376",,
"133,856366","0,569554","-0,0419948433941974","0,141082528773703","0,556097627194172",,
"134,232065","0,568688","-0,0432120843528005","0,137961513175799","0,554864582671608",,
"134,608819","0,567826","-0,0444293269679457","0,134834353434853","0,553628578133809",,
"134,98663","0,566966","-0,0456465681381902","0,131699916904142","0,552389174376675",,
"135,365501","0,566108","-0,0468638079783943","0,128558195975545","0,551146376744816",,
"135,745436","0,565253","-0,0480810497748788","0,125409768040061","0,549900422304741",,
"136,126438","0,564401","-0,0492982935602078","0,122254641657994","0,548651323414189",,
"136,508508","0,563552","-0,0505155329769454","0,119092839630426","0,547399098240835",,
"136,891652","0,562705","-0,0517327775747941","0,115923742782847","0,546143510733942",,
"137,27587","0,561861","-0,0529500177881235","0,112747978497455","0,544884818804177",,
"137,661167","0,56102","-0,0541672599055375","0,10956554283594","0,54362303053981",,
"138,047545","0,560182","-0,0553845006808579","0,106376453009446","0,542358162582683",,
"138,435008","0,559347","-0,0566017431518531","0,103180712778125","0,541090226412839",,
"138,823558","0,558514","-0,0578189840389098","0,0999777054533992","0,539818987390097",,
"139,213199","0,557685","-0,0590362263116728","0,0967686993273165","0,538544959218576",,
"139,603934","0,556858","-0,0602534697690582","0,0935524314045017","0,537267650973328",,
"139,995765","0,556034","-0,06147071108332","0,0903295552647366","0,535987332778785",,
"140,388696","0,555214","-0,0626879531242899","0,0871007332646947","0,534704278729185",,
"140,782729","0,554396","-0,0639051925334071","0,08386467719229","0,53341798794699",,
"141,177869","0,553582","-0,0651224351916924","0,0806227057757203","0,532128995807102",,
"141,574118","0,552771","-0,0663396776849614","0,0773741828170992","0,530837060836811",,
"141,971479","0,551963","-0,0675569196694754","0,0741191224125983","0,52954220018692",,
"142,369955","0,551158","-0,0687741607787006","0,0708575390453958","0,528244431338218",,
"142,76955","0,550356","-0,0699914036655053","0,0675894407938981","0,526943769398346",,
"143,170266","0,549557","-0,0712086448596224","0,0643148497311749","0,525640235220425",,
"143,572107","0,548762","-0,0724258869527461","0,0610344771474209","0,524334124282548",,
"143,975076","0,54797","-0,0736431294645273","0,0577476483794996","0,52302518046133",,
"144,379175","0,547181","-0,0748603688852875","0,0544543867388349","0,521713425628212",,
"144,784409","0,546396","-0,0760776107167527","0,0511554156648012","0,520399160778172",,
"145,190781","0,545614","-0,0772948543901503","0,0478500443702884","0,519082123717209",,
"145,598293","0,544836","-0,0785120963334845","0,0445390293316753","0,517762629038771",,
"146,006948","0,544061","-0,0797293359624895","0,0412216688578325","0,51644041044886",,
"146,416751","0,54329","-0,0809465786051768","0,0378987121257144","0,515115780056114",,
"146,827704","0,542522","-0,0821638206298118","0,0345694532150009","0,513788470131277",,
"147,23981","0,541757","-0,0833810613680987","0,0312339117666855","0,512458502289438",,
"147,653073","0,540996","-0,0845983030739183","0,0278928632201219","0,51112619972211",,
"148,067496","0,540239","-0,085815545016242","0,024546346425239","0,509791592131758",,
"148,483083","0,539486","-0,0870327893704044","0,021194394144993","0,508454706948163",,
"148,899835","0,538736","-0,0882500295106567","0,0178362791936045","0,507115268626585",,
"149,317757","0,537989","-0,0894672704927656","0,0144720102165766","0,505773295231484",,
"149,736853","0,537247","-0,0906845143890574","0,0111031889167543","0,50442944049516",,
"150,157124","0,536508","-0,0919017545451662","0,00772829050340235","0,503083111146442",,
"150,578575","0,535773","-0,0931189958911238","0,00434813063106782","0,501734647683496",,
"151,001209","0,535042","-0,0943362375230935","0,000962752090812591","0,500384082455236",,
"151,42503","0,534315","-0,0955534813886997","-0,00242780834304124","0,499031445554734",,
"151,85004","0,533591","-0,096770723667053","-0,00582432465035743","0,497676443779101",,
"152,276242","0,532872","-0,0979879634053014","-0,00922510959800926","0,496319765939701",,
"152,703641","0,532156","-0,0992052053227539","-0,0126317867572916","0,49496078019722",,
"153,13224","0,531445","-0,100422448387202","-0,0160426420852697","0,493600186300148",,
"153,562041","0,530737","-0,101639688723104","-0,019459303943044","0,492237350819654",,
"153,993049","0,530033","-0,102856930932264","-0,0228809012326119","0,490872637508166",,
"154,425267","0,529334","-0,104074173913788","-0,0263065231753548","0,489506425985815",,
"154,858697","0,528638","-0,105291413747912","-0,0297378353310674","0,488138068512393",,
"155,293345","0,527947","-0,106508657718496","-0,0331730753809829","0,486768284517425",,
"155,729212","0,527259","-0,10772589905745","-0,036613927405445","0,485396419256563",,
"156,166302","0,526576","-0,108943139388535","-0,0400585885306282","0,484023208423811",,
"156,60462","0,525897","-0,110160383063996","-0,0435078977322369","0,4826483345046",,
"157,044167","0,525222","-0,111377623299032","-0,0469617909745336","0,481271840147683",,
"157,484948","0,524551","-0,112594864388747","-0,0504202295678861","0,479893758011755",,
"157,926967","0,523885","-0,113812107803702","-0,0538822512284755","0,478514488794463",,
"158,370226","0,523223","-0,115029349486752","-0,0573486996321159","0,477133713730416",,
"158,814729","0,522565","-0,116246590868613","-0,0608195277340633","0,475751469113295",,
"159,26048","0,521911","-0,117463833337411","-0,0642946878750859","0,474367791583421",,
"159,707482","0,521262","-0,118681075519783","-0,0677731817181319","0,472983096275805",,
"160,155738","0,520617","-0,119898316031038","-0,0712558839545634","0,471597052719887",,
"160,605253","0,519976","-0,121115558883573","-0,0747427514666069","0,470209696015962",,
"161,056029","0,51934","-0,122332799928662","-0,0782327570676601","0,468821452743486",,
"161,508071","0,518709","-0,123550043104252","-0,0817258356719165","0,467432366591022",,
"161,961381","0,518081","-0,124767284233227","-0,085223858589483","0,466041711584795",,
"162,415963","0,517458","-0,125984524506415","-0,0887248244993668","0,464650301619437",,
"162,871822","0,51684","-0,127201767741234","-0,0922286662264016","0,46325818137379",,
"163,32896","0,516226","-0,128419009708705","-0,0957362959168253","0,461865006655571",,
"163,787381","0,515617","-0,12963625150355","-0,0992466535890294","0,460471216736074",,
"164,247088","0,515012","-0,130853491537493","-0,10276067048433","0,45907646018399",,
"164,708086","0,514412","-0,1320707334869","-0,106277277572028","0,457681179672715",,
"165,170378","0,513816","-0,133287975701663","-0,109797418892075","0,456285019047516",,
"165,633968","0,513225","-0,134505219145424","-0,113320003661829","0,454888429380264",,
"166,098858","0,512639","-0,135722459515017","-0,11684494101327","0,453491464931496",,
"166,565053","0,512057","-0,136939700350819","-0,120373206940211","0,452093757408921",,
"167,032557","0,51148","-0,138156942527","-0,123903687357061","0,450695766679923",,
"167,501373","0,510908","-0,139374184288491","-0,127436295674844","0,449297545308453",,
"167,971505","0,51034","-0,14059142645868","-0,130972021149051","0,447898720303987",,
"168,442957","0,509777","-0,141808669825108","-0,134509726251542","0,446499760273065",,
"168,915731","0,509219","-0,143025909997681","-0,138049316236232","0,445100720958198",,
"169,389833","0,508665","-0,144243152864252","-0,141591812534306","0,443701217212258",,
"169,865265","0,508116","-0,145460393993456","-0,145136041645647","0,442301731214593",,
"170,342032","0,507572","-0,146677636625393","-0,148681925498649","0,440902312030222",,
"170,820137","0,507033","-0,1478948788525","-0,152229372988863","0,439503013821925",,
"171,299583","0,506498","-0,149112118761853","-0,155779413590289","0,438103449040332",,
"171,780376","0,505968","-0,150329362019894","-0,159330866882496","0,436704101562087",,
"172,262518","0,505443","-0,15154660411861","-0,162883633748811","0,435305028553838",,
"172,746013","0,504923","-0,152763845601772","-0,166437626756237","0,43390628250563",,
"173,230865","0,504408","-0,153981086980467","-0,169992757835953","0,432507916083325",,
"173,717078","0,503898","-0,155198328733438","-0,173548938289607","0,431109982120369",,
"174,204656","0,503392","-0,156415571307422","-0,177107244255737","0,429712075893328",,
"174,693602","0,502891","-0,15763281263145","-0,180666429113328","0,428314705399656",,
"175,18392","0,502395","-0,158850053110126","-0,184226402385642","0,426917923921158",,
"175,675615","0,501904","-0,160067295589069","-0,1877870790453","0,425521782501416",,
"176,16869","0,501418","-0,16128453792499","-0,191348361337803","0,424126337067737",,
"176,663148","0,500937","-0,162501777971851","-0,194910150962509","0,422731643641137",,
"177,158995","0,500461","-0,163719020935311","-0,198472367141176","0,421337751262468",,
"177,656233","0,49999","-0,164936262157894","-0,202034904393561","0,419944718516254",,
"178,154867","0,499523","-0,166153504320686","-0,205598899976846","0,418552118430548",,
"178,6549","0,499062","-0,167370745186362","-0,209161810420392","0,417160961943994",,
"179,156337","0,498605","-0,168587987364167","-0,212726004609359","0,41577034111173",,
"179,659182","0,498153","-0,169805230990219","-0,216290161692009","0,414380788704032",,
"180,163437","0,497707","-0,171022471351282","-0,219852918227238","0,412992852473397",,
"180,669108","0,497265","-0,172239713375416","-0,223416692640986","0,411605606896375",,
"181,176198","0,496828","-0,173456954717757","-0,22698013396435","0,410219594917255",,
"181,684712","0,496396","-0,174674197813714","-0,230543150412378","0,40883486858787",,
"182,194652","0,495969","-0,175891437893759","-0,234105631926687","0,407451486883769",,
"182,706024","0,495547","-0,177108679723076","-0,237667491624541","0,406069499594328",,
"183,218832","0,49513","-0,178325923246273","-0,241228630273631","0,404688961121566",,
"183,733078","0,494718","-0,179543163654393","-0,244788936415915","0,403309930407012",,
"184,248768","0,494311","-0,180760405594025","-0,24834832165683","0,401932457255103",,
"184,765906","0,493909","-0,181977648932207","-0,251906685347508","0,40055659601708",,
"185,284494","0,493512","-0,183194888822877","-0,25546391470993","0,399182405516872",,
"185,804539","0,49312","-0,184412132134373","-0,259019925742885","0,397809933243985",,
"186,326043","0,492732","-0,185629373977495","-0,262575951328958","0,396438718932257",,
"186,84901","0,49235","-0,186846614139583","-0,266129203662642","0,395069852234905",,
"187,373446","0,491973","-0,188063857019378","-0,269680930434584","0,393702866234901",,
"187,899353","0,4916","-0,189281097694545","-0,273232386249946","0,392337293086338",,
"188,426737","0,491233","-0,190498340490459","-0,27678074781345","0,390974232446858",,
"188,955601","0,49087","-0,191715582762339","-0,280328651826332","0,389612685338558",,
"189,485949","0,490513","-0,192932824160226","-0,283873232094307","0,388253765339315",,
"190,017786","0,49016","-0,194150066596995","-0,287417166660014","0,386896459186567",,
"190,551115","0,489813","-0,1953673073792","-0,290957552270607","0,385541892012555",,
"191,085941","0,48947","-0,196584548362388","-0,294497096814663","0,384189040758539",,
"191,622269","0,489132","-0,197801791354758","-0,298034300127744","0,382838492402628",,
"192,160102","0,488799","-0,199019033597474","-0,301569050307628","0,381490302207112",,
"192,699444","0,488471","-0,200236274589581","-0,305101240851507","0,38014452308449",,
"193,2403","0,488148","-0,201453516056547","-0,30863077060611","0,378801205623003",,
"193,782674","0,48783","-0,202670757436789","-0,312157532424662","0,377460402403518",,
"194,326571","0,487516","-0,203888000383207","-0,315682885671653","0,376121609092194",,
"194,871994","0,487208","-0,20510524204632","-0,319203802282359","0,374785986932553",,
"195,418948","0,486904","-0,206322484026576","-0,322723109851527","0,37345247436273",,
"195,967437","0,486605","-0,207539725663758","-0,326239238931385","0,372121677801841",,
"196,517465","0,486311","-0,208756966278374","-0,329752080992567","0,370793648858702",,
"197,069038","0,486022","-0,20997420957944","-0,333261538415882","0,369468434703627",,
"197,622158","0,485738","-0,211191450417445","-0,336767491016643","0,368146090707394",,
"198,176831","0,485459","-0,212408692439549","-0,340269840688191","0,366826663579104",,
"198,733061","0,485184","-0,21362593485491","-0,343770000117844","0,365509631576807",,
"199,290852","0,484914","-0,214843176854837","-0,347266352672974","0,364195613192405",,
"199,850208","0,484649","-0,21606041761302","-0,350758788481865","0,362884658603644",,
"200,411135","0,484389","-0,217277660619805","-0,354247208499465","0,361576813586661",,
"200,973635","0,484133","-0,218494900656058","-0,357733044024531","0,360271550911607",,
"201,537715","0,483883","-0,219712143308839","-0,361213103610478","0,358970073619237",,
"202,103378","0,483637","-0,220929385480657","-0,36469038385307","0,357671268771188",,
"202,670628","0,483395","-0,222146626224781","-0,368164796749214","0,356375178880173",,
"203,239471","0,483159","-0,223363868852172","-0,371633099385976","0,355083020815594",,
"203,80991","0,482927","-0,224581110217501","-0,375098333379826","0,353793668233323",,
"204,38195","0,482699","-0,225798351433741","-0,378560415686218","0,352507160864868",,
"204,955596","0,482477","-0,227015593574816","-0,382016052239299","0,351224729022728",,
"205,530852","0,482259","-0,228232835562943","-0,385468335006001","0,349945231178849",,
"206,107723","0,482046","-0,229450078412834","-0,388915560059822","0,348669305651673",,
"206,686212","0,481837","-0,230667318898744","-0,392359238475473","0,347396399663572",,
"207,266326","0,481633","-0,231884562185731","-0,395797661833853","0,346127150928165",,
"207,848067","0,481433","-0,233101802907085","-0,399232350684461","0,344861004090733",,
"208,431441","0,481239","-0,234319044063924","-0,402659925738936","0,343599209251364",,
"209,016453","0,481048","-0,235536286519437","-0,406085231630512","0,342339988289127",,
"209,603107","0,480862","-0,236753529028491","-0,409504870781989","0,341084596516961",,
"210,191407","0,480681","-0,237970770333181","-0,412918731408998","0,339833078422245",,
"210,781358","0,480504","-0,239188011223434","-0,416328387100431","0,338584861546285",,
"211,372966","0,480332","-0,240405254508374","-0,419732071336968","0,337340596693155",,
"211,966233","0,480164","-0,241622494743503","-0,423131356662407","0,336099712806897",,
"212,561166","0,480001","-0,242839736734266","-0,426524466970192","0,334862861734474",,
"213,157769","0,479842","-0,244056979093503","-0,429913000068964","0,333629464245458",,
"213,756046","0,479687","-0,245274220422852","-0,433296866291968","0,332399557219166",,
"214,356003","0,479537","-0,246491463365023","-0,436674262111465","0,331173798756206",,
"214,957643","0,479391","-0,247708704445418","-0,440046802246789","0,329951605108974",,
"215,560972","0,47925","-0,248925946245767","-0,443412668551273","0,328733637125414",,
"216,165994","0,479113","-0,250143187274172","-0,446773495651818","0,327519304959379",,
"216,772715","0,47898","-0,251360430035666","-0,450129204245314","0,326308640028095",,
"217,381138","0,478851","-0,252577670987075","-0,453479699590433","0,325101678989244",,
"217,991269","0,478727","-0,253794912574932","-0,456823134517283","0,323899087994995",,
"218,603113","0,478607","-0,25501215520513","-0,460161178046553","0,322700267158887",,
"219,216674","0,478491","-0,256229397271217","-0,463493740729939","0,321505250191141",,
"219,831957","0,47838","-0,257446639133604","-0,466818948807855","0,320314708810713",,
"220,448967","0,478272","-0,258663881122038","-0,470140289803215","0,319127395364304",,
"221,067708","0,478169","-0,259881121571403","-0,473454088397219","0,317944624400338",,
"221,688187","0,47807","-0,261098364685666","-0,476762060073083","0,316765782533808",,
"222,310407","0,477975","-0,262315606780949","-0,480064110710103","0,31559090342408",,
"222,934373","0,477884","-0,263532848084005","-0,483360156384423","0,314420016754764",,
"223,56009","0,477798","-0,264750088792447","-0,486648281091906","0,31325380114984",,
"224,187564","0,477715","-0,26596733101225","-0,489932063328576","0,312090986652217",,
"224,816799","0,477636","-0,26718457293565","-0,493209589333175","0,310932251458959",,
"225,4478","0,477562","-0,268401814674762","-0,496478922299658","0,309778277398317",,
"226,080572","0,477491","-0,269619056313809","-0,499743678286144","0,308627786495936",,
"226,71512","0,477425","-0,270836297909426","-0,50300006052346","0,307482114803088",,
"227,351449","0,477362","-0,27205353949097","-0,506251713271821","0,306339977995435",,
"227,989565","0,477303","-0,273270782965707","-0,509496698137001","0,305202056074117",,
"228,629471","0,477248","-0,27448802449423","-0,512734922373049","0,304068378813088",,
"229,271173","0,477197","-0,275705265936095","-0,515966308125953","0,302938970430925",,
"229,914676","0,47715","-0,276922507214542","-0,519190772781616","0,301813856485794",,
"230,559986","0,477107","-0,278139750110672","-0,522408238744257","0,300693060458553",,
"231,207106","0,477068","-0,279356990723868","-0,525618614021418","0,299576610513983",,
"231,856043","0,477032","-0,280574232662938","-0,528823748413037","0,298463860888738",,
"232,506801","0,477","-0,28179147386611","-0,532021646511971","0,297355501613398",,
"233,159386","0,476972","-0,283008715993281","-0,53521223133902","0,296251554683432",,
"233,813803","0,476948","-0,284225958801709","-0,538395421278801","0,295152043379424",,
"234,470056","0,476927","-0,285443200172439","-0,54157307933103","0,294056320688411",,
"235,128151","0,47691","-0,286660441677662","-0,544743193300006","0,292965076687538",,
"235,788093","0,476897","-0,287877683003499","-0,547905682149555","0,29187833351649",,
"236,449888","0,476887","-0,289094925649658","-0,551062438980661","0,290795436370803",,
"237,11354","0,476881","-0,290312167409236","-0,55421142252618","0,289717080965151",,
"237,779055","0,476879","-0,291529409726248","-0,557352557097378","0,28864328668137",,
"238,446437","0,47688","-0,292746650359232","-0,560487746770522","0,287573397588996",,
"239,115693","0,476884","-0,293963892513903","-0,563616940660698","0,286507427573328",,
"239,786827","0,476893","-0,295181133900003","-0,566736069833917","0,285446755433253",,
"240,459845","0,476904","-0,296398375838395","-0,569851065490423","0,284389358503321",,
"241,134752","0,476919","-0,29761561780749","-0,572957857242131","0,283336614313135",,
"241,811553","0,476938","-0,298832859264865","-0,57605636598977","0,282288541633019",,
"242,490254","0,47696","-0,300050101438491","-0,579148545422432","0,281244473171793",,
"243,17086","0,476985","-0,301267343730003","-0,58223433619149","0,280204424116377",,
"243,853376","0,477014","-0,302484585521046","-0,585311638433877","0,279169095299046",,
"244,537807","0,477046","-0,303701826173533","-0,588382421068957","0,278137817154328",,
"245,22416","0,477082","-0,304919068571913","-0,591444581069002","0,277111288581792",,
"245,912439","0,477121","-0,306136310243583","-0,59450009590971","0,276088839080883",,
"246,60265","0,477163","-0,307353552239111","-0,597548911696434","0,275070480739895",,
"247,294798","0,477208","-0,308570793814504","-0,600590970137565","0,274056226881174",,
"247,988889","0,477257","-0,309788035958698","-0,603624139219002","0,273046780096199",,
"248,684928","0,477308","-0,31100527787656","-0,606652511600752","0,272040771782643",,
"249,38292","0,477364","-0,312222518755183","-0,609669775731229","0,271040289923417",,
"250,082872","0,477422","-0,313439761237322","-0,612682136903407","0,27004326806097",,
"250,784788","0,477483","-0,31465700271432","-0,615687448662048","0,269050411363604",,
"251,488674","0,477548","-0,315874244033786","-0,618683549136092","0,268062424753277",,
"252,194536","0,477615","-0,317091486007235","-0,621674598068639","0,267077928970785",,
"252,902379","0,477686","-0,318308727693215","-0,624656314284081","0,266098325397989",,
"253,612209","0,47776","-0,319525969846562","-0,62763075486672","0,265122928326806",,
"254,324031","0,477836","-0,320743211479384","-0,630599996828395","0,264151050470591",,
"255,037851","0,477916","-0,321960453291037","-0,633559727768321","0,263184095028422",,
"255,753675","0,477999","-0,323177695946422","-0,636512023482665","0,262221373380356",,
"256,471507","0,478085","-0,324394936689647","-0,639456823910528","0,26126289642724",,
"257,191355","0,478173","-0,325612179523401","-0,642396243710437","0,260307969007146",,
"257,913223","0,478265","-0,326829421643486","-0,645325914977059","0,2593580010899",,
"258,637116","0,478359","-0,328046661929514","-0,648250102646769","0,258411600537148",,
"259,363042","0,478457","-0,329263904270418","-0,65116443309453","0,257470173474576",,
"260,091005","0,478557","-0,330481145805914","-0,654073190728557","0,256532326358283",,
"260,821012","0,47866","-0,331698388676306","-0,656974160890709","0,255598765531523",,
"261,553067","0,478766","-0,33291562998999","-0,659867285075202","0,254669499951834",,
"262,287177","0,478875","-0,334132871828411","-0,66275251783992","0,253744534178112",,
"263,023347","0,478986","-0,33535011292081","-0,665632008731753","0,252823170919352",,
"263,761584","0,479101","-0,336567355277058","-0,668501311773791","0,251906822421437",,
"264,501893","0,479218","-0,337784597574044","-0,671364785885378","0,250994086108974",,
"265,244279","0,479337","-0,33900183847676","-0,674222394877235","0,250084966916645",,
"265,988749","0,47946","-0,340219079904003","-0,677069659479287","0,24918087907123",,
"266,735309","0,479585","-0,341436322098319","-0,679910977191506","0,24828041529641",,
"267,483964","0,479712","-0,342653563649233","-0,6827463122391","0,247383579920303",,
"268,234721","0,479843","-0,343870806373542","-0,685571152516328","0,246491788913931",,
"268,987584","0,479976","-0,345088047197425","-0,688389921143256","0,245603634538191",,
"269,742561","0,480111","-0,3463052894949","-0,691202595224238","0,244719116598965",,
"270,499657","0,480249","-0,34752253175907","-0,694006880794153","0,243838946906273",,
"271,258877","0,48039","-0,348739772473185","-0,696802726560456","0,242963129772558",,
"272,020229","0,480533","-0,349957014900484","-0,699592363283705","0,242090956549603",,
"272,783718","0,480678","-0,351174257464843","-0,702375756201791","0,241222430209712",,
"273,549349","0,480826","-0,352391498581052","-0,705150590528762","0,240358262960814",,
"274,317129","0,480977","-0,353608739821356","-0,707916824007136","0,239498455667891",,
"275,087065","0,48113","-0,354825982713818","-0,71067670532423","0,238642299057351",,
"275,859161","0,481285","-0,35604322401973","-0,713430196309093","0,237789796603746",,
"276,633424","0,481443","-0,357260465219702","-0,716174969829389","0,2369416582367",,
"277,409861","0,481603","-0,358477707751186","-0,718913290818602","0,236097173417808",,
"278,188477","0,481766","-0,359694949886593","-0,721642814024129","0,235257054623232",,
"278,969278","0,481931","-0,360912191447744","-0,724365811146948","0,234420591748819",,
"279,75227","0,482098","-0,362129432231823","-0,727082252810576","0,233587784911834",,
"280,537461","0,482267","-0,363346675107816","-0,729792117650327","0,232758631665619",,
"281,324855","0,482439","-0,364563916710991","-0,732493036643605","0,231933845670172",,
"282,114459","0,482613","-0,365781158305811","-0,735187306574901","0,231112714243666",,
"282,906279","0,482789","-0,366998399580876","-0,737874898597303","0,230295236882763",,
"283,700322","0,482968","-0,368215641732442","-0,740553440911735","0,22948212350991",,
"284,496593","0,483148","-0,369432882863661","-0,743227589998869","0,228671951101562",,
"285,2951","0,483331","-0,370650125639024","-0,745892626284275","0,227866139951721",,
"286,095847","0,483516","-0,371867366594571","-0,748550860703025","0,227063979542929",,
"286,898842","0,483703","-0,373084608333414","-0,751202272833213","0,226265466292025",,
"287,704091","0,483892","-0,374301850383922","-0,753846834623686","0,225470598823645",,
"288,5116","0,484084","-0,375519092253054","-0,756482141815849","0,224680087741304",,
"289,321376","0,484277","-0,376736334927703","-0,759112918330477","0,22389250602659",,
"290,133424","0,484473","-0,377953576363313","-0,761734375258856","0,22310927727068",,
"290,947751","0,48467","-0,379170817496908","-0,764351256005095","0,222328974110586",,
"291,764364","0,48487","-0,380388059228426","-0,766958760396652","0,221553017639336",,
"292,583269","0,485072","-0,381605300936749","-0,769559247173312","0,22078069350027",,
"293,404473","0,485275","-0,382822543461223","-0,772155097839398","0,220011286172551",,
"294,227981","0,485481","-0,384039784653052","-0,774741476779976","0,219246218483564",,
"295,053801","0,485689","-0,385257026776557","-0,77732076482393","0,218484773521386",,
"295,881939","0,485898","-0,386474269108525","-0,779895353998241","0,217726236687296",,
"296,712401","0,486109","-0,387691510907145","-0,782462808266932","0,216971317194595",,
"297,545194","0,486323","-0,388908752871842","-0,785020677056367","0,216220722747542",,
"298,380324","0,486538","-0,390125994212077","-0,787573785193137","0,215473026754932",,
"299,217798","0,486755","-0,391343235570935","-0,790119686918762","0,214728936783292",,
"300,057623","0,486974","-0,392560477557681","-0,792658359861267","0,213988448483496",,
"300,899805","0,487195","-0,393777719304784","-0,795189778121204","0,213251558462263",,
"301,744351","0,487418","-0,394994961367028","-0,797713919590902","0,212518262148743",,
"302,591267","0,487642","-0,396212202831091","-0,800233213317445","0,211787844957912",,
"303,44056","0,487869","-0,397429444198446","-0,80274273253206","0,211061724186062",,
"304,292237","0,488097","-0,398646685938328","-0,805247369164568","0,210338473205525",,
"305,146305","0,488326","-0,399863928488073","-0,807747114627999","0,20961808757525",,
"306,00277","0,488558","-0,401081170834198","-0,810237012621299","0,208901984354156",,
"306,861638","0,488791","-0,402298411947882","-0,812721977946386","0,208188738713564",,
"307,722917","0,489026","-0,40351565360781","-0,815199525092698","0,207479054838997",,
"308,586614","0,489263","-0,404732896138794","-0,817669632837545","0,206772927405981",,
"309,452734","0,489501","-0,405950137028479","-0,820134762118161","0,206069643604792",,
"310,321286","0,489741","-0,407167379363942","-0,82259241836729","0,205369905770996",,
"311,192275","0,489983","-0,408384620588794","-0,825042573667782","0,204673710319146",,
"312,065709","0,490227","-0,409601862323575","-0,827485210793117","0,203981050566055",,
"312,941595","0,490472","-0,410819104756305","-0,829922814844892","0,203291212344436",,
"313,819939","0,490718","-0,412036346662323","-0,83235537417345","0,202604191593398",,
"314,700748","0,490966","-0,413253588184021","-0,834780366711775","0,201920691070569",,
"315,584029","0,491216","-0,414470829435567","-0,837197772121301","0,201240704784412",,
"316,46979","0,491467","-0,41568807187553","-0,839610095636955","0,200563518434774",,
"317,358036","0,49172","-0,416905312814104","-0,842014796329258","0,199889835663693",,
"318,248776","0,491975","-0,418122555023442","-0,844411861046223","0,199219648332575",,
"319,142016","0,49223","-0,419339797135625","-0,846806334436056","0,198551538465076",,
"320,037763","0,492488","-0,420557039128347","-0,849190606667204","0,19788761962725",,
"320,936024","0,492747","-0,421774280952906","-0,851569729927433","0,197226473089073",,
"321,836806","0,493007","-0,422991522534498","-0,853943696385717","0,196568093371597",,
"322,740116","0,493269","-0,424208763772512","-0,856309948593027","0,195913179915913",,
"323,645962","0,493532","-0,425426005882708","-0,858671023982215","0,195261020584185",,
"324,55435","0,493797","-0,426643247364346","-0,861024354126131","0,194612314934773",,
"325,465288","0,494063","-0,427860489375555","-0,863372484295177","0,193966351455551",,
"326,378783","0,494331","-0,429077731704234","-0,865712841872612","0,193323827944898",,
"327,294841","0,4946","-0,430294972787056","-0,868047973252302","0,192684035368953",,
"328,213471","0,49487","-0,431512215021154","-0,870377877427418","0,192046966174068",,
"329,134679","0,495142","-0,432729456791718","-0,872699967330338","0,191413317761974",,
"330,058473","0,495415","-0,433946699106932","-0,875016807389314","0,190782380351861",,
"330,984859","0,495689","-0,43516394031281","-0,877328386811076","0,190154148991175",,
"331,913846","0,495965","-0,43638118267257","-0,879632117376937","0,189529317054201",,
"332,84544","0,496242","-0,437598424483113","-0,881930568243828","0,188907177662918",,
"333,779648","0,49652","-0,438815665334846","-0,884223731985126","0,18828772487912",,
"334,716479","0,4968","-0,440032907391131","-0,886509009538443","0,187671650699334",,
"335,655939","0,49708","-0,441250148882901","-0,888791582822548","0,187057550187073",,
"336,598036","0,497363","-0,442467390614682","-0,891063642723406","0,186447514176976",,
"337,542778","0,497646","-0,443684633355365","-0,89333299003534","0,185839438072178",,
"338,490171","0,497931","-0,444901875272502","-0,895594400311953","0,185234713750793",,
"339,440222","0,498216","-0,446119115806908","-0,897853087290403","0,184631938969911",,
"340,392941","0,498504","-0,447336358206628","-0,900101205893831","0,184033197177653",,
"341,348334","0,498792","-0,448553600567594","-0,902346592997976","0,183436391009834",,
"342,306408","0,499081","-0,449770842249046","-0,904586625610703","0,182842211680336",,
"343,267171","0,499372","-0,450988083855928","-0,906818670091133","0,182251347582454",,
"344,230631","0,499664","-0,45220532595979","-0,909045345098804","0,181663095310919",,
"345,196794","0,499957","-0,453422566582922","-0,91126664039319","0,181077449471896",,
"346,16567","0,500251","-0,454639808761425","-0,913482558135665","0,180494401390588",,
"347,137265","0,500546","-0,455857050466529","-0,915693088105698","0,179913945645948",,
"348,111587","0,500843","-0,457074292160597","-0,917895579940132","0,179336767964337",,
"349,088644","0,50114","-0,458291534274189","-0,920095318982214","0,178761475162103",,
"350,068443","0,501439","-0,459508775965793","-0,92228700221409","0,178189445992476",,
"351,050992","0,501738","-0,460726017613774","-0,924475928190455","0,177619289396433",,
"352,036299","0,502039","-0,461943259565629","-0,926656783829979","0,177052381147216",,
"353,024371","0,502341","-0,463160500908105","-0,928832215068639","0,176488023201497",,
"354,015217","0,502644","-0,464377743165044","-0,931002220959333","0,175926207655971",,
"355,008844","0,502948","-0,465594985369933","-0,933166794531431","0,175366928164449",,
"356,005259","0,503253","-0,46681222654039","-0,93532592885227","0,174810178361126",,
"357,004471","0,503559","-0,46802946811137","-0,937479622966007","0,174255950334327",,
"358,006488","0,503866","-0,469246710262072","-0,939627872915945","0,173704236945721",,
"359,011317","0,504174","-0,470463951933321","-0,941770671796108","0,1731550318097",,
"360,018967","0,504483","-0,471681194463741","-0,943908018619022","0,172608327020166",,
"361,029444","0,504793","-0,472898435541541","-0,946039903571676","0,172064116926107",,
"362,042758","0,505104","-0,474115677652386","-0,948166328598664","0,171522392870832",,
"363,058916","0,505416","-0,475332919638903","-0,950287286840766","0,170983148444888",,
"364,077926","0,505729","-0,476550161522835","-0,952402774381257","0,170446376486419",,
"365,099796","0,506042","-0,477767403299039","-0,954515487174796","0,169911386848848",,
"366,124534","0,506357","-0,47898464493578","-0,956620024563147","0,169379538953909",,
"367,152148","0,506673","-0,480201886375034","-0,95871907951107","0,168850142038206",,
"368,182647","0,506989","-0,481419128712344","-0,960815359753453","0,168322507102803",,
"369,216038","0,507307","-0,482636370651822","-0,962903443912972","0,167797990567475",,
"370,252329","0,507625","-0,483853612058366","-0,964988748551311","0,167275223676883",,
"371,291529","0,507945","-0,485070853941438","-0,967065846287481","0,166755558889379",,
"372,333646","0,508265","-0,48628809610616","-0,969140165330464","0,166237630003254",,
"373,378687","0,508586","-0,487505337170014","-0,971208984320033","0,165722110420562",,
"374,426662","0,508908","-0,488722579218973","-0,973272304966393","0,165208991593652",,
"375,477578","0,509231","-0,489939820819119","-0,975330120539992","0,164698267081712",,
"376,531444","0,509554","-0,491157062832706","-0,977385161674922","0,164189253102305",,
"377,588268","0,509879","-0,492374304935525","-0,97943196375532","0,16368329508561",,
"378,648058","0,510204","-0,493591546780325","-0,981475989145327","0,163179034669601",,
"379,710822","0,51053","-0,494808787997087","-0,983514502160836","0,162677140683659",,
"380,776569","0,510857","-0,496026029333845","-0,985547501625791","0,16217760533428",,
"381,845308","0,511185","-0,497243271503638","-0,987574986342938","0,161680420843347",,
"382,917046","0,511513","-0,498460512916514","-0,989599697925783","0,161184908860126",,
"383,991793","0,511842","-0,499677755366632","-0,991618895021892","0,160691734240825",,
"385,069556","0,512172","-0,500894997217947","-0,993632570936954","0,160200890571001",,
"386,150344","0,512503","-0,502112239075381","-0,995640724427911","0,159712370111866",,
"387,234165","0,512835","-0,503329480388936","-0,997643351546882","0,159226165792002",,
"388,321029","0,513167","-0,504546722824896","-0,999643215341468","0,158741600774646",,
"389,410943","0,5135","-0,505763964658486","-1,00163755279619","0,158259338526606",,
"390,503916","0,513834","-0,506981206381815","-1,00362636260675","0,15777937135935",,
"391,599956","0,514168","-0,508198447345831","-1,00561241023856","0,157301025875664",,
"392,699073","0,514504","-0,509415689093948","-1,00759016072817","0,156825627206061",,
"393,801275","0,51484","-0,51063293092003","-1,00956515150891","0,156351836329937",,
"394,906571","0,515176","-0,5118501731989","-1,01153738887469","0,155879647753875",,
"396,014969","0,515514","-0,513067415177867","-1,01350131712569","0,155410383661405",,
"397,126478","0,515852","-0,514284657179585","-1,01546249160175","0,15494270871316",,
"398,241106","0,51619","-0,51550189840593","-1,017420915812","0,15447661810279",,
"399,358863","0,51653","-0,516719140216016","-1,01937102410699","0,154013428498496",,
"400,479757","0,51687","-0,517936381758258","-1,02131838420823","0,153551809553786",,
"401,603798","0,51721","-0,519153624326725","-1,0232630046106","0,15309175530573",,
"402,730993","0,517552","-0,520370865939238","-1,02519929699547","0,152634579948568",,
"403,861352","0,517894","-0,521588107835178","-1,02713284897108","0,1521789563337",,
"404,994883","0,518236","-0,522805349068751","-1,02906366371982","0,151724879779358",,
"406,131596","0,51858","-0,524022590816775","-1,03098614597088","0,151273658304969",,
"407,2715","0,518924","-0,525239833149924","-1,03290589519974","0,150823969846458",,
"408,414603","0,519268","-0,526457075048036","-1,03482291442342","0,150375809786825",,
"409,560914","0,519613","-0,527674316536083","-1,03673440027972","0,149929827641547",,
"410,710443","0,519959","-0,528891558669548","-1,03864035362968","0,14948601542342",,
"411,863198","0,520305","-0,530108800356541","-1,04054358382025","0,149043713129951",,
"413,019188","0,520652","-0,531326041542223","-1,04244128032824","0,148603568093055",,
"414,178423","0,521","-0,53254328319431","-1,04433344394033","0,148165572386519",,
"415,340912","0,521348","-0,533760525197421","-1,04622289334089","0,147729067749326",,
"416,506664","0,521696","-0,534977767410795","-1,04810963362987","0,147294049147227",,
"417,675687","0,522046","-0,536195008628787","-1,04998801751229","0,146861810953149",,
"418,847992","0,522395","-0,537412250743227","-1,05186652288894","0,146430396539066",,
"420,023587","0,522746","-0,538629492496231","-1,05373667071052","0,146001747438348",,
"421,202482","0,523096","-0,539846734679466","-1,05560694978972","0,145573912223921",,
"422,384685","0,523448","-0,541063975992712","-1,05746886762274","0,14514882786711",,
"423,570207","0,5238","-0,542281218199588","-1,05932809262583","0,144725192616242",,
"424,759056","0,524152","-0,543498459950011","-1,06118462705844","0,144303002159787",,
"425,951242","0,524505","-0,544715701921495","-1,06303563754601","0,143882895136165",,
"427,146774","0,524859","-0,545932943740605","-1,06488112213796","0,143464864408093",,
"428,345661","0,525213","-0,547150185011424","-1,06672392355506","0,143048260387714",,
"429,547914","0,525567","-0,548367427337924","-1,06856405097009","0,142633077241",,
"430,75354","0,525922","-0,549584668246613","-1,07039865508354","0,14221995220409",,
"431,962551","0,526278","-0,550801910291983","-1,0722277409338","0,141808876624753",,
"433,174955","0,526634","-0,552019151963003","-1,07405415721484","0,141399204661825",,
"434,390762","0,52699","-0,553236393738411","-1,07587791045333","0,140990931127526",,
"435,609982","0,527347","-0,554453636064953","-1,07769614982668","0,140584688628636",,
"436,832623","0,527704","-0,555670877369335","-1,07951173017902","0,140179833737875",,
"438,058696","0,528062","-0,556888119043422","-1,0813217987869","0,139776997015041",,
"439,288211","0,52842","-0,558105361448262","-1,08312921914233","0,139375535629348",,
"440,521176","0,528779","-0,55932260294246","-1,0849311274039","0,138976080153282",,
"441,757602","0,529138","-0,56053984482563","-1,08673039334154","0,138577988875903",,
"442,997498","0,529498","-0,561757086395518","-1,08852415129489","0,13818189031835",,
"444,240874","0,529858","-0,562974327908674","-1,09031527265052","0,137787144920094",,
"445,487741","0,530218","-0,564191570567013","-1,09210376556496","0,137393747250618",,
"446,738106","0,530579","-0,565408811643761","-1,09388675374858","0,13700232450594",,
"447,991982","0,530941","-0,566626054232517","-1,09566424385691","0,136612867921881",,
"449,249376","0,531303","-0,567843295565399","-1,09743910821645","0,136224742714855",,
"450,5103","0,531665","-0,569060537698819","-1,09921135694449","0,135837943078841",,
"451,774762","0,532027","-0,570277778794343","-1,10098099113316","0,135452465191916",,
"453,042774","0,53239","-0,571495020841898","-1,10274513576038","0,135068929912172",,
"454,314345","0,532754","-0,57271226291473","-1,1045037883121","0,134687330569322",,
"455,589484","0,533117","-0,573929504069764","-1,10626272371835","0,134306410543824",,
"456,868203","0,533481","-0,575146746199599","-1,10801617611738","0,133927414965666",,
"458,150511","0,533846","-0,576363988305251","-1,10976414290693","0,133550337230593",,
"459,436418","0,534211","-0,577581230317498","-1,11150951797351","0,133174547724927",,
"460,725934","0,534576","-0,578798472141243","-1,11325230640722","0,132800041843511",,
"462,019069","0,534942","-0,580015713655806","-1,11498961526836","0,132427435939733",,
"463,315834","0,535308","-0,581232955652578","-1,11672434597158","0,132056102446294",,
"464,616238","0,535674","-0,582450197017976","-1,11845650124646","0,131686037301859",,
"465,920292","0,536041","-0,583667438488455","-1,12018318468433","0,131317854042217",,
"467,228007","0,536408","-0,584884680765602","-1,1219073029447","0,130950927626935",,
"468,539392","0,536775","-0,586101922662672","-1,12362885857182","0,130585254070601",,
"469,854457","0,537143","-0,587319163903831","-1,12534494749226","0,130221444999949",,
"471,173214","0,537511","-0,588536406033162","-1,12705848365493","0,129858877453054",,
"472,495672","0,53788","-0,589753647793389","-1,12876655724085","0,129498161927618",,
"473,821842","0,538248","-0,590970889747776","-1,13047499739932","0,129138064007331",,
"475,151734","0,538617","-0,59218813151263","-1,13217798238187","0,128779807385757",,
"476,485359","0,538987","-0,593405373593352","-1,1338755133952","0,128423384885935",,
"477,822726","0,539356","-0,594622614645234","-1,13557342558129","0,128067567962",,
"479,163848","0,539726","-0,595839856937392","-1,13726589291151","0,127713574167776",,
"480,508733","0,540097","-0,597057098167826","-1,1389529102645","0,127361397704674",,
"481,857394","0,540467","-0,598274340540058","-1,14064033102722","0,127009813303246",,
"483,209839","0,540838","-0,599491581712492","-1,14232230852617","0,12666003582925",,
"484,566081","0,541209","-0,600708823824313","-1,14400177523518","0,126311450390087",,
"485,926129","0,541581","-0,601926065389179","-1,14567580387423","0,125964659514211",,
"487,289995","0,541953","-0,603143307584424","-1,14734732805913","0,1256190504401",,
"488,657688","0,542325","-0,604360548881327","-1,14901634947906","0,125274619538689",,
"490,029221","0,542697","-0,605577791286652","-1,15068287782546","0,124931361541021",,
"491,404603","0,54307","-0,606795033222957","-1,15234397910617","0,124589875774174",,
"492,783845","0,543442","-0,608012274866374","-1,15400552832188","0,124248951218981",,
